{"train/box_loss": 0.17362, "train/cls_loss": 0.17991, "train/dfl_loss": 0.92591, "_timestamp": 1686948460.722315, "lr/pg0": 9.079699999999998e-05, "lr/pg1": 9.079699999999998e-05, "lr/pg2": 9.079699999999998e-05, "metrics/precision(B)": 0.99281, "metrics/recall(B)": 0.99583, "metrics/mAP50(B)": 0.98868, "metrics/mAP50-95(B)": 0.9883, "val/box_loss": 0.13328, "val/cls_loss": 0.11365, "val/dfl_loss": 0.92037, "train_batch0": {"_type": "image-file", "sha256": "6bdbe043ae05fccab1c103a4824f7583a20fa24b6a71c3626408b04b32874783", "size": 535370, "path": "media/images/train_batch0_1_6bdbe043ae05fccab1c1.jpg", "format": "jpg", "width": 1920, "height": 1920}, "train_batch1": {"_type": "image-file", "sha256": "a17076bb1a5f5eb7f40c7e0b2754e5b0f92ec6ed83803aef04a5e0ee15323f3b", "size": 560491, "path": "media/images/train_batch1_1_a17076bb1a5f5eb7f40c.jpg", "format": "jpg", "width": 1920, "height": 1920}, "train_batch2": {"_type": "image-file", "sha256": "f94b4dc923c1c17f056cc30556d1e6ada97c3ead2d9ba059378fa9abf9d2f14d", "size": 572949, "path": "media/images/train_batch2_1_f94b4dc923c1c17f056c.jpg", "format": "jpg", "width": 1920, "height": 1920}, "model/parameters": 43636008, "model/GFLOPs": 0.0, "model/speed_PyTorch(ms)": 2.555, "_runtime": 761.4387910366058, "_step": 29}